{"cameraMode":{"drawMode":0,"name":"Shaded","section":"Shading Mode"},"sceneLighting":true,"audioPlay":false,"sceneViewState":{"m_AlwaysRefresh":false,"showFog":true,"showSkybox":true,"showFlares":true,"showImageEffects":true,"showParticleSystems":true,"showVisualEffectGraphs":true,"m_FxEnabled":true},"in2DMode":false,"pivot":{"x":77.42207336425781,"y":-14.533158302307129,"z":69.78337860107422},"rotation":{"x":-0.016980376094579698,"y":-0.9747679233551025,"z":0.2080785632133484,"w":-0.07945998013019562},"size":29.421213150024415,"orthographic":false}