{"cameraMode":{"drawMode":0,"name":"Shaded","section":"Shading Mode"},"sceneLighting":true,"audioPlay":false,"sceneViewState":{"m_AlwaysRefresh":false,"showFog":true,"showSkybox":true,"showFlares":true,"showImageEffects":true,"showParticleSystems":true,"showVisualEffectGraphs":true,"m_FxEnabled":true},"in2DMode":false,"pivot":{"x":71.83216094970703,"y":-9.320594787597657,"z":163.29110717773438},"rotation":{"x":-0.23799985647201539,"y":-0.010155439376831055,"z":0.002492305124178529,"w":-0.9712485074996948},"size":96.29138946533203,"orthographic":false}